population,volume,displacement,horizon_bars,control_arm,treated_events,control_events,treated_continued_pct,control_continued_pct,difference_pp,full_years_agreeing,consistent,underpowered,treated_2019,treated_2021,treated_2023,treated_2025
NONPOC,below_normal,0.5_1.0,15,C01_NEUTRAL,9,6,66.67,16.67,50.00,2/4,False,True,100.00,0.00,66.67,75.00
NONPOC,below_normal,0.5_1.0,15,C02_ACTIVITY_MATCHED,9,2,66.67,50.00,16.67,0/4,False,True,100.00,0.00,66.67,75.00
NONPOC,below_normal,0.5_1.0,30,C01_NEUTRAL,9,6,55.56,33.33,22.23,1/4,False,True,100.00,0.00,66.67,50.00
NONPOC,below_normal,0.5_1.0,30,C02_ACTIVITY_MATCHED,9,2,55.56,50.00,5.56,0/4,False,True,100.00,0.00,66.67,50.00
NONPOC,below_normal,0.5_1.0,60,C01_NEUTRAL,9,6,55.56,16.67,38.89,2/4,False,True,100.00,0.00,66.67,50.00
NONPOC,below_normal,0.5_1.0,60,C02_ACTIVITY_MATCHED,9,2,55.56,50.00,5.56,0/4,False,True,100.00,0.00,66.67,50.00
NONPOC,below_normal,1.0_1.5,15,C01_NEUTRAL,20,15,30.00,26.67,3.33,2/4,False,True,50.00,16.67,33.33,25.00
NONPOC,below_normal,1.0_1.5,15,C02_ACTIVITY_MATCHED,20,9,30.00,44.44,-14.44,3/4,False,True,50.00,16.67,33.33,25.00
NONPOC,below_normal,1.0_1.5,30,C01_NEUTRAL,20,15,30.00,40.00,-10.00,2/4,False,True,50.00,16.67,33.33,25.00
NONPOC,below_normal,1.0_1.5,30,C02_ACTIVITY_MATCHED,20,9,30.00,55.56,-25.56,3/4,False,True,50.00,16.67,33.33,25.00
NONPOC,below_normal,1.0_1.5,60,C01_NEUTRAL,20,15,45.00,66.67,-21.67,3/4,False,True,50.00,50.00,33.33,50.00
NONPOC,below_normal,1.0_1.5,60,C02_ACTIVITY_MATCHED,20,9,45.00,66.67,-21.67,4/4,False,True,50.00,50.00,33.33,50.00
NONPOC,below_normal,gt_1.5,15,C01_NEUTRAL,702,704,52.56,51.14,1.42,2/4,False,False,56.52,52.76,55.81,48.54
NONPOC,below_normal,gt_1.5,15,C02_ACTIVITY_MATCHED,702,632,52.56,52.06,0.50,3/4,True,False,56.52,52.76,55.81,48.54
NONPOC,below_normal,gt_1.5,30,C01_NEUTRAL,700,701,49.14,48.64,0.50,3/4,True,False,47.83,47.98,53.80,47.28
NONPOC,below_normal,gt_1.5,30,C02_ACTIVITY_MATCHED,700,628,49.14,49.68,-0.54,3/4,True,False,47.83,47.98,53.80,47.28
NONPOC,below_normal,gt_1.5,60,C01_NEUTRAL,692,693,48.27,49.06,-0.79,2/4,False,False,51.09,43.81,50.60,49.16
NONPOC,below_normal,gt_1.5,60,C02_ACTIVITY_MATCHED,692,620,48.27,53.39,-5.12,3/4,True,False,51.09,43.81,50.60,49.16
NONPOC,normal,lt_0.5,15,C02_ACTIVITY_MATCHED,1,1,100.00,0.00,100.00,1/4,False,True,,,100.00,
NONPOC,normal,lt_0.5,30,C02_ACTIVITY_MATCHED,1,1,100.00,0.00,100.00,1/4,False,True,,,100.00,
NONPOC,normal,lt_0.5,60,C02_ACTIVITY_MATCHED,1,1,100.00,0.00,100.00,1/4,False,True,,,100.00,
NONPOC,normal,1.0_1.5,15,C01_NEUTRAL,3,3,66.67,100.00,-33.33,0/4,False,True,100.00,0.00,100.00,
NONPOC,normal,1.0_1.5,15,C02_ACTIVITY_MATCHED,3,7,66.67,57.14,9.53,1/4,False,True,100.00,0.00,100.00,
NONPOC,normal,1.0_1.5,30,C01_NEUTRAL,3,3,66.67,100.00,-33.33,0/4,False,True,100.00,0.00,100.00,
NONPOC,normal,1.0_1.5,30,C02_ACTIVITY_MATCHED,3,7,66.67,71.43,-4.76,0/4,False,True,100.00,0.00,100.00,
NONPOC,normal,1.0_1.5,60,C01_NEUTRAL,3,3,33.33,66.67,-33.34,0/4,False,True,0.00,0.00,100.00,
NONPOC,normal,1.0_1.5,60,C02_ACTIVITY_MATCHED,3,7,33.33,42.86,-9.53,0/4,False,True,0.00,0.00,100.00,
NONPOC,normal,gt_1.5,15,C01_NEUTRAL,280,269,43.93,44.98,-1.05,1/4,False,False,44.00,36.00,46.38,48.84
NONPOC,normal,gt_1.5,15,C02_ACTIVITY_MATCHED,280,247,43.93,39.68,4.25,2/4,False,False,44.00,36.00,46.38,48.84
NONPOC,normal,gt_1.5,30,C01_NEUTRAL,279,266,51.25,53.01,-1.76,3/4,True,False,62.00,44.59,46.38,54.65
NONPOC,normal,gt_1.5,30,C02_ACTIVITY_MATCHED,279,243,51.25,51.85,-0.60,2/4,False,False,62.00,44.59,46.38,54.65
NONPOC,normal,gt_1.5,60,C01_NEUTRAL,275,264,48.00,51.89,-3.89,3/4,True,False,50.00,44.59,45.59,51.81
NONPOC,normal,gt_1.5,60,C02_ACTIVITY_MATCHED,275,241,48.00,47.72,0.28,2/4,False,False,50.00,44.59,45.59,51.81
NONPOC,elevated,0.5_1.0,15,C01_NEUTRAL,1,2,0.00,0.00,0.00,0/4,False,True,,,0.00,
NONPOC,elevated,0.5_1.0,30,C01_NEUTRAL,1,2,0.00,0.00,0.00,0/4,False,True,,,0.00,
NONPOC,elevated,0.5_1.0,60,C01_NEUTRAL,1,2,0.00,0.00,0.00,0/4,False,True,,,0.00,
NONPOC,elevated,1.0_1.5,15,C01_NEUTRAL,1,1,0.00,100.00,-100.00,0/4,False,True,,,,0.00
NONPOC,elevated,1.0_1.5,15,C02_ACTIVITY_MATCHED,1,3,0.00,33.33,-33.33,1/4,False,True,,,,0.00
NONPOC,elevated,1.0_1.5,30,C01_NEUTRAL,1,1,100.00,100.00,0.00,0/4,False,True,,,,100.00
NONPOC,elevated,1.0_1.5,30,C02_ACTIVITY_MATCHED,1,3,100.00,33.33,66.67,0/4,False,True,,,,100.00
NONPOC,elevated,1.0_1.5,60,C01_NEUTRAL,1,1,0.00,100.00,-100.00,0/4,False,True,,,,0.00
NONPOC,elevated,1.0_1.5,60,C02_ACTIVITY_MATCHED,1,3,0.00,33.33,-33.33,0/4,False,True,,,,0.00
NONPOC,elevated,gt_1.5,15,C01_NEUTRAL,111,124,53.15,49.19,3.96,3/4,True,False,50.00,45.71,65.52,51.43
NONPOC,elevated,gt_1.5,15,C02_ACTIVITY_MATCHED,111,114,53.15,50.00,3.15,1/4,False,False,50.00,45.71,65.52,51.43
NONPOC,elevated,gt_1.5,30,C01_NEUTRAL,110,122,47.27,48.36,-1.09,2/4,False,False,41.67,40.00,53.57,51.43
NONPOC,elevated,gt_1.5,30,C02_ACTIVITY_MATCHED,110,112,47.27,54.46,-7.19,4/4,True,False,41.67,40.00,53.57,51.43
NONPOC,elevated,gt_1.5,60,C01_NEUTRAL,108,120,52.78,53.33,-0.55,2/4,False,False,41.67,50.00,59.26,54.29
NONPOC,elevated,gt_1.5,60,C02_ACTIVITY_MATCHED,108,107,52.78,59.81,-7.03,3/4,True,False,41.67,50.00,59.26,54.29
NONPOC,extreme,0.5_1.0,15,C01_NEUTRAL,2,3,0.00,33.33,-33.33,1/4,False,True,,,0.00,
NONPOC,extreme,0.5_1.0,15,C02_ACTIVITY_MATCHED,2,1,0.00,0.00,0.00,0/4,False,True,,,0.00,
NONPOC,extreme,0.5_1.0,30,C01_NEUTRAL,2,3,50.00,33.33,16.67,1/4,False,True,,,50.00,
NONPOC,extreme,0.5_1.0,30,C02_ACTIVITY_MATCHED,2,1,50.00,100.00,-50.00,1/4,False,True,,,50.00,
NONPOC,extreme,0.5_1.0,60,C01_NEUTRAL,2,3,100.00,33.33,66.67,1/4,False,True,,,100.00,
NONPOC,extreme,0.5_1.0,60,C02_ACTIVITY_MATCHED,2,1,100.00,100.00,0.00,0/4,False,True,,,100.00,
NONPOC,extreme,1.0_1.5,15,C01_NEUTRAL,3,1,66.67,100.00,-33.33,1/4,False,True,,100.00,0.00,100.00
NONPOC,extreme,1.0_1.5,15,C02_ACTIVITY_MATCHED,3,2,66.67,50.00,16.67,0/4,False,True,,100.00,0.00,100.00
NONPOC,extreme,1.0_1.5,30,C01_NEUTRAL,3,1,33.33,100.00,-66.67,1/4,False,True,,100.00,0.00,0.00
NONPOC,extreme,1.0_1.5,30,C02_ACTIVITY_MATCHED,3,2,33.33,0.00,33.33,0/4,False,True,,100.00,0.00,0.00
NONPOC,extreme,1.0_1.5,60,C01_NEUTRAL,3,1,66.67,0.00,66.67,0/4,False,True,,100.00,0.00,100.00
NONPOC,extreme,1.0_1.5,60,C02_ACTIVITY_MATCHED,3,2,66.67,50.00,16.67,0/4,False,True,,100.00,0.00,100.00
NONPOC,extreme,gt_1.5,15,C01_NEUTRAL,215,209,51.63,54.07,-2.44,3/4,True,False,41.67,50.91,57.89,52.24
NONPOC,extreme,gt_1.5,15,C02_ACTIVITY_MATCHED,215,191,51.63,47.64,3.99,3/4,True,False,41.67,50.91,57.89,52.24
NONPOC,extreme,gt_1.5,30,C01_NEUTRAL,213,207,48.36,49.28,-0.92,2/4,False,False,47.22,53.70,43.86,48.48
NONPOC,extreme,gt_1.5,30,C02_ACTIVITY_MATCHED,213,190,48.36,53.68,-5.32,2/4,False,False,47.22,53.70,43.86,48.48
NONPOC,extreme,gt_1.5,60,C01_NEUTRAL,204,201,55.39,55.22,0.17,2/4,False,False,52.78,58.82,55.77,53.85
NONPOC,extreme,gt_1.5,60,C02_ACTIVITY_MATCHED,204,181,55.39,55.25,0.14,2/4,False,False,52.78,58.82,55.77,53.85
NONPOC,undefined,gt_1.5,15,C01_NEUTRAL,20,20,45.00,50.00,-5.00,1/4,False,True,25.00,66.67,50.00,33.33
NONPOC,undefined,gt_1.5,15,C02_ACTIVITY_MATCHED,20,21,45.00,47.62,-2.62,2/4,False,True,25.00,66.67,50.00,33.33
NONPOC,undefined,gt_1.5,30,C01_NEUTRAL,20,20,45.00,70.00,-25.00,3/4,False,True,50.00,16.67,100.00,33.33
NONPOC,undefined,gt_1.5,30,C02_ACTIVITY_MATCHED,20,21,45.00,47.62,-2.62,1/4,False,True,50.00,16.67,100.00,33.33
NONPOC,undefined,gt_1.5,60,C01_NEUTRAL,19,19,57.89,63.16,-5.27,2/4,False,True,50.00,50.00,100.00,40.00
NONPOC,undefined,gt_1.5,60,C02_ACTIVITY_MATCHED,19,21,57.89,66.67,-8.78,2/4,False,True,50.00,50.00,100.00,40.00
POC,below_normal,0.5_1.0,15,C01_NEUTRAL,9,12,11.11,58.33,-47.22,3/4,False,True,50.00,0.00,0.00,0.00
POC,below_normal,0.5_1.0,15,C02_ACTIVITY_MATCHED,9,2,11.11,100.00,-88.89,2/4,False,True,50.00,0.00,0.00,0.00
POC,below_normal,0.5_1.0,30,C01_NEUTRAL,9,12,0.00,75.00,-75.00,3/4,False,True,0.00,0.00,0.00,0.00
POC,below_normal,0.5_1.0,30,C02_ACTIVITY_MATCHED,9,2,0.00,100.00,-100.00,2/4,False,True,0.00,0.00,0.00,0.00
POC,below_normal,0.5_1.0,60,C01_NEUTRAL,9,12,22.22,66.67,-44.45,2/4,False,True,50.00,0.00,25.00,0.00
POC,below_normal,0.5_1.0,60,C02_ACTIVITY_MATCHED,9,2,22.22,100.00,-77.78,2/4,False,True,50.00,0.00,25.00,0.00
POC,below_normal,1.0_1.5,15,C01_NEUTRAL,27,25,48.15,44.00,4.15,2/4,False,True,50.00,66.67,63.64,12.50
POC,below_normal,1.0_1.5,15,C02_ACTIVITY_MATCHED,27,21,48.15,61.90,-13.75,3/4,False,True,50.00,66.67,63.64,12.50
POC,below_normal,1.0_1.5,30,C01_NEUTRAL,27,25,59.26,44.00,15.26,4/4,False,True,100.00,50.00,72.73,37.50
POC,below_normal,1.0_1.5,30,C02_ACTIVITY_MATCHED,27,21,59.26,61.90,-2.64,2/4,False,True,100.00,50.00,72.73,37.50
POC,below_normal,1.0_1.5,60,C01_NEUTRAL,27,25,44.44,48.00,-3.56,1/4,False,True,100.00,33.33,63.64,12.50
POC,below_normal,1.0_1.5,60,C02_ACTIVITY_MATCHED,27,21,44.44,61.90,-17.46,2/4,False,True,100.00,33.33,63.64,12.50
POC,below_normal,gt_1.5,15,C01_NEUTRAL,1777,1740,52.11,50.34,1.77,3/4,True,False,52.62,50.72,54.67,50.49
POC,below_normal,gt_1.5,15,C02_ACTIVITY_MATCHED,1777,1263,52.11,50.99,1.12,3/4,True,False,52.62,50.72,54.67,50.49
POC,below_normal,gt_1.5,30,C01_NEUTRAL,1772,1738,49.60,50.00,-0.40,2/4,False,False,51.37,47.75,50.34,49.14
POC,below_normal,gt_1.5,30,C02_ACTIVITY_MATCHED,1772,1258,49.60,48.09,1.51,3/4,True,False,51.37,47.75,50.34,49.14
POC,below_normal,gt_1.5,60,C01_NEUTRAL,1762,1728,50.85,50.87,-0.02,1/4,False,False,50.80,51.65,50.23,50.61
POC,below_normal,gt_1.5,60,C02_ACTIVITY_MATCHED,1762,1248,50.85,48.96,1.89,3/4,True,False,50.80,51.65,50.23,50.61
POC,normal,0.5_1.0,15,C01_NEUTRAL,3,1,0.00,100.00,-100.00,1/4,False,True,0.00,,0.00,
POC,normal,0.5_1.0,15,C02_ACTIVITY_MATCHED,3,1,0.00,100.00,-100.00,0/4,False,True,0.00,,0.00,
POC,normal,0.5_1.0,30,C01_NEUTRAL,3,1,0.00,100.00,-100.00,1/4,False,True,0.00,,0.00,
POC,normal,0.5_1.0,30,C02_ACTIVITY_MATCHED,3,1,0.00,100.00,-100.00,0/4,False,True,0.00,,0.00,
POC,normal,0.5_1.0,60,C01_NEUTRAL,3,1,33.33,100.00,-66.67,1/4,False,True,100.00,,0.00,
POC,normal,0.5_1.0,60,C02_ACTIVITY_MATCHED,3,1,33.33,100.00,-66.67,0/4,False,True,100.00,,0.00,
POC,normal,1.0_1.5,15,C01_NEUTRAL,4,4,25.00,25.00,0.00,0/4,False,True,,50.00,,0.00
POC,normal,1.0_1.5,15,C02_ACTIVITY_MATCHED,4,3,25.00,66.67,-41.67,1/4,False,True,,50.00,,0.00
POC,normal,1.0_1.5,30,C01_NEUTRAL,4,4,50.00,50.00,0.00,0/4,False,True,,50.00,,50.00
POC,normal,1.0_1.5,30,C02_ACTIVITY_MATCHED,4,3,50.00,33.33,16.67,1/4,False,True,,50.00,,50.00
POC,normal,1.0_1.5,60,C01_NEUTRAL,4,4,75.00,50.00,25.00,2/4,False,True,,100.00,,50.00
POC,normal,1.0_1.5,60,C02_ACTIVITY_MATCHED,4,3,75.00,33.33,41.67,0/4,False,True,,100.00,,50.00
POC,normal,gt_1.5,15,C01_NEUTRAL,573,570,50.44,49.65,0.79,2/4,False,False,41.67,50.00,52.56,58.40
POC,normal,gt_1.5,15,C02_ACTIVITY_MATCHED,573,390,50.44,45.13,5.31,4/4,True,False,41.67,50.00,52.56,58.40
POC,normal,gt_1.5,30,C01_NEUTRAL,573,569,52.36,49.56,2.80,3/4,True,False,50.69,51.35,49.36,59.20
POC,normal,gt_1.5,30,C02_ACTIVITY_MATCHED,573,390,52.36,50.26,2.10,2/4,False,False,50.69,51.35,49.36,59.20
POC,normal,gt_1.5,60,C01_NEUTRAL,564,563,52.84,52.04,0.80,2/4,False,False,47.89,53.10,53.59,57.26
POC,normal,gt_1.5,60,C02_ACTIVITY_MATCHED,564,385,52.84,49.61,3.23,3/4,True,False,47.89,53.10,53.59,57.26
POC,elevated,0.5_1.0,15,C02_ACTIVITY_MATCHED,1,2,100.00,100.00,0.00,0/4,False,True,,100.00,,
POC,elevated,0.5_1.0,30,C02_ACTIVITY_MATCHED,1,2,100.00,50.00,50.00,0/4,False,True,,100.00,,
POC,elevated,0.5_1.0,60,C02_ACTIVITY_MATCHED,1,2,100.00,50.00,50.00,0/4,False,True,,100.00,,
POC,elevated,1.0_1.5,15,C01_NEUTRAL,1,4,0.00,50.00,-50.00,1/4,False,True,,0.00,,
POC,elevated,1.0_1.5,15,C02_ACTIVITY_MATCHED,1,1,0.00,0.00,0.00,0/4,False,True,,0.00,,
POC,elevated,1.0_1.5,30,C01_NEUTRAL,1,4,0.00,50.00,-50.00,1/4,False,True,,0.00,,
POC,elevated,1.0_1.5,30,C02_ACTIVITY_MATCHED,1,1,0.00,0.00,0.00,0/4,False,True,,0.00,,
POC,elevated,1.0_1.5,60,C01_NEUTRAL,1,4,0.00,50.00,-50.00,1/4,False,True,,0.00,,
POC,elevated,1.0_1.5,60,C02_ACTIVITY_MATCHED,1,1,0.00,0.00,0.00,0/4,False,True,,0.00,,
POC,elevated,gt_1.5,15,C01_NEUTRAL,214,225,49.53,48.00,1.53,2/4,False,False,65.52,36.21,50.00,45.65
POC,elevated,gt_1.5,15,C02_ACTIVITY_MATCHED,214,145,49.53,50.34,-0.81,2/4,False,False,65.52,36.21,50.00,45.65
POC,elevated,gt_1.5,30,C01_NEUTRAL,213,225,51.64,48.89,2.75,2/4,False,False,64.91,43.10,50.00,47.83
POC,elevated,gt_1.5,30,C02_ACTIVITY_MATCHED,213,144,51.64,51.39,0.25,2/4,False,False,64.91,43.10,50.00,47.83
POC,elevated,gt_1.5,60,C01_NEUTRAL,209,220,51.67,52.73,-1.06,2/4,False,False,47.37,38.60,54.90,70.45
POC,elevated,gt_1.5,60,C02_ACTIVITY_MATCHED,209,141,51.67,56.74,-5.07,3/4,True,False,47.37,38.60,54.90,70.45
POC,extreme,1.0_1.5,15,C01_NEUTRAL,3,3,0.00,100.00,-100.00,1/4,False,True,0.00,0.00,0.00,
POC,extreme,1.0_1.5,15,C02_ACTIVITY_MATCHED,3,4,0.00,50.00,-50.00,1/4,False,True,0.00,0.00,0.00,
POC,extreme,1.0_1.5,30,C01_NEUTRAL,3,3,33.33,66.67,-33.34,1/4,False,True,0.00,0.00,100.00,
POC,extreme,1.0_1.5,30,C02_ACTIVITY_MATCHED,3,4,33.33,25.00,8.33,1/4,False,True,0.00,0.00,100.00,
POC,extreme,1.0_1.5,60,C01_NEUTRAL,3,3,33.33,66.67,-33.34,1/4,False,True,0.00,0.00,100.00,
POC,extreme,1.0_1.5,60,C02_ACTIVITY_MATCHED,3,4,33.33,25.00,8.33,0/4,False,True,0.00,0.00,100.00,
POC,extreme,gt_1.5,15,C01_NEUTRAL,496,509,53.23,50.88,2.35,3/4,True,False,46.83,52.46,55.37,58.27
POC,extreme,gt_1.5,15,C02_ACTIVITY_MATCHED,496,370,53.23,54.59,-1.36,2/4,False,False,46.83,52.46,55.37,58.27
POC,extreme,gt_1.5,30,C01_NEUTRAL,496,509,54.23,50.88,3.35,4/4,True,False,56.35,58.20,51.24,51.18
POC,extreme,gt_1.5,30,C02_ACTIVITY_MATCHED,496,368,54.23,51.63,2.60,3/4,True,False,56.35,58.20,51.24,51.18
POC,extreme,gt_1.5,60,C01_NEUTRAL,485,498,56.49,54.62,1.87,3/4,True,False,53.17,55.65,58.47,58.73
POC,extreme,gt_1.5,60,C02_ACTIVITY_MATCHED,485,357,56.49,52.38,4.11,4/4,True,False,53.17,55.65,58.47,58.73
POC,undefined,gt_1.5,15,C01_NEUTRAL,23,22,60.87,63.64,-2.77,1/4,False,True,20.00,75.00,71.43,66.67
POC,undefined,gt_1.5,15,C02_ACTIVITY_MATCHED,23,18,60.87,61.11,-0.24,2/4,False,True,20.00,75.00,71.43,66.67
POC,undefined,gt_1.5,30,C01_NEUTRAL,22,21,54.55,61.90,-7.35,2/4,False,True,60.00,28.57,71.43,66.67
POC,undefined,gt_1.5,30,C02_ACTIVITY_MATCHED,22,18,54.55,50.00,4.55,2/4,False,True,60.00,28.57,71.43,66.67
POC,undefined,gt_1.5,60,C01_NEUTRAL,22,21,54.55,57.14,-2.59,1/4,False,True,40.00,42.86,71.43,66.67
POC,undefined,gt_1.5,60,C02_ACTIVITY_MATCHED,22,18,54.55,50.00,4.55,2/4,False,True,40.00,42.86,71.43,66.67
