atr_timeframe,tolerance_atr,width_bin,level_kinds,horizon_min,resolved,reversal_pct,vs_single_kind_pp,mean_favourable_atr,mean_adverse_atr,years_agreeing,years_testable
1,0.25,0.0-0.7,1,10,1642,52.98,0.00,1.797,1.822,0/4,4
1,0.25,0.0-0.7,2,10,1343,54.43,1.45,1.973,1.678,3/4,4
1,0.25,0.0-0.7,3,10,420,56.67,3.68,1.884,1.642,2/4,4
1,0.25,0.0-0.7,4+,10,101,60.40,7.41,2.138,1.268,4/4,4
1,0.25,0.0-0.7,1,30,1683,50.51,0.00,3.435,3.399,0/4,4
1,0.25,0.0-0.7,2,30,1430,54.83,4.32,3.527,3.156,3/4,4
1,0.25,0.0-0.7,3,30,454,52.86,2.36,3.578,3.082,3/4,4
1,0.25,0.0-0.7,4+,30,103,53.40,2.89,3.818,2.935,2/4,4
1,0.25,0.0-0.7,1,120,1738,49.83,0.00,7.971,8.065,0/4,4
1,0.25,0.0-0.7,2,120,1463,51.81,1.98,8.333,7.593,3/4,4
1,0.25,0.0-0.7,3,120,463,53.13,3.30,7.814,7.625,3/4,4
1,0.25,0.0-0.7,4+,120,110,55.45,5.63,8.177,7.649,3/4,4
1,0.25,0.7-1.2,1,10,157,54.14,0.00,2.162,1.894,0/4,4
1,0.25,0.7-1.2,2,10,1542,57.65,3.51,2.131,1.603,3/4,4
1,0.25,0.7-1.2,3,10,1695,57.05,2.91,2.063,1.549,3/4,4
1,0.25,0.7-1.2,4+,10,936,60.79,6.65,2.101,1.429,3/4,4
1,0.25,0.7-1.2,1,30,168,51.19,0.00,3.854,3.701,0/4,4
1,0.25,0.7-1.2,2,30,1659,54.85,3.66,3.755,3.242,3/4,4
1,0.25,0.7-1.2,3,30,1805,55.51,4.32,3.713,3.038,3/4,4
1,0.25,0.7-1.2,4+,30,1007,55.51,4.32,3.665,2.817,4/4,4
1,0.25,0.7-1.2,1,120,171,46.78,0.00,8.141,9.921,0/4,4
1,0.25,0.7-1.2,2,120,1736,52.30,5.52,8.329,7.819,3/4,4
1,0.25,0.7-1.2,3,120,1897,53.29,6.51,8.037,7.405,3/4,4
1,0.25,0.7-1.2,4+,120,1060,53.68,6.90,7.713,6.734,3/4,4
1,0.25,1.2-2.0,1,10,55,41.82,0.00,1.659,2.249,0/0,0
1,0.25,1.2-2.0,2,10,329,59.88,18.06,2.341,1.293,0/0,0
1,0.25,1.2-2.0,3,10,489,60.74,18.92,2.237,1.397,0/0,0
1,0.25,1.2-2.0,4+,10,552,61.41,19.59,2.291,1.326,0/0,0
1,0.25,1.2-2.0,1,30,69,46.38,0.00,3.483,4.329,0/1,1
1,0.25,1.2-2.0,2,30,340,52.94,6.56,3.814,3.133,0/1,1
1,0.25,1.2-2.0,3,30,550,56.36,9.99,3.700,2.823,0/1,1
1,0.25,1.2-2.0,4+,30,607,54.86,8.48,3.717,2.749,0/1,1
1,0.25,1.2-2.0,1,120,64,48.44,0.00,7.795,9.500,0/1,1
1,0.25,1.2-2.0,2,120,384,54.69,6.25,8.008,7.600,0/1,1
1,0.25,1.2-2.0,3,120,596,52.85,4.41,8.314,6.851,0/1,1
1,0.25,1.2-2.0,4+,120,656,49.39,0.95,7.779,7.173,0/1,1
1,1,0.0-0.7,1,10,226,50.88,0.00,1.953,1.783,0/4,4
1,1,0.0-0.7,2,10,198,62.12,11.24,1.969,1.705,3/4,4
1,1,0.0-0.7,3,10,71,47.89,-3.00,1.995,1.823,2/2,2
1,1,0.0-0.7,1,30,228,52.63,0.00,3.560,3.665,0/4,4
1,1,0.0-0.7,2,30,213,57.75,5.11,3.622,3.187,3/4,4
1,1,0.0-0.7,3,30,72,52.78,0.15,3.663,3.525,1/1,1
1,1,0.0-0.7,1,120,236,49.58,0.00,8.435,8.188,0/4,4
1,1,0.0-0.7,2,120,216,51.39,1.81,8.394,7.797,2/4,4
1,1,0.0-0.7,3,120,77,49.35,-0.23,9.098,8.772,1/2,2
1,1,0.7-1.2,1,10,52,59.62,0.00,2.879,1.810,0/0,0
1,1,0.7-1.2,2,10,410,53.41,-6.20,2.021,1.895,0/0,0
1,1,0.7-1.2,3,10,478,61.09,1.47,2.314,1.500,0/0,0
1,1,0.7-1.2,4+,10,332,54.52,-5.10,2.177,1.710,0/0,0
1,1,0.7-1.2,1,30,61,47.54,0.00,5.109,4.180,0/0,0
1,1,0.7-1.2,2,30,438,55.25,7.71,3.573,3.585,0/0,0
1,1,0.7-1.2,3,30,499,58.72,11.18,4.008,3.017,0/0,0
1,1,0.7-1.2,4+,30,366,56.83,9.29,4.133,3.170,0/0,0
1,1,0.7-1.2,1,120,58,48.28,0.00,10.950,8.582,0/0,0
1,1,0.7-1.2,2,120,462,53.03,4.75,8.447,8.342,0/0,0
1,1,0.7-1.2,3,120,519,52.41,4.13,8.655,7.483,0/0,0
1,1,0.7-1.2,4+,120,389,51.67,3.40,8.220,8.155,0/0,0
1,1,1.2-2.0,1,10,60,53.33,0.00,2.402,2.012,0/0,0
1,1,1.2-2.0,2,10,677,63.66,10.33,2.412,1.392,0/0,0
1,1,1.2-2.0,3,10,1594,62.42,9.09,2.317,1.421,0/0,0
1,1,1.2-2.0,4+,10,2913,63.47,10.14,2.354,1.352,0/0,0
1,1,1.2-2.0,1,30,69,53.62,0.00,4.285,3.921,0/2,2
1,1,1.2-2.0,2,30,754,58.36,4.73,4.033,3.113,1/2,2
1,1,1.2-2.0,3,30,1766,58.04,4.42,4.016,3.151,1/2,2
1,1,1.2-2.0,4+,30,3232,58.01,4.39,3.962,2.926,1/2,2
1,1,1.2-2.0,1,120,76,47.37,0.00,10.056,9.299,0/2,2
1,1,1.2-2.0,2,120,838,49.64,2.27,8.570,8.637,0/2,2
1,1,1.2-2.0,3,120,1951,52.49,5.12,8.564,8.076,1/2,2
1,1,1.2-2.0,4+,120,3503,54.38,7.01,8.391,7.119,1/2,2
5,0.25,0.0-0.7,1,10,953,59.81,0.00,1.087,0.706,0/4,4
5,0.25,0.0-0.7,2,10,2247,63.82,4.01,1.024,0.559,2/4,4
5,0.25,0.0-0.7,3,10,2757,66.34,6.53,1.030,0.460,3/4,4
5,0.25,0.0-0.7,4+,10,2605,68.10,8.29,1.055,0.385,4/4,4
5,0.25,0.0-0.7,1,30,989,56.72,0.00,1.857,1.502,0/4,4
5,0.25,0.0-0.7,2,30,2358,57.97,1.25,1.733,1.284,2/4,4
5,0.25,0.0-0.7,3,30,2911,60.39,3.67,1.711,1.092,3/4,4
5,0.25,0.0-0.7,4+,30,2778,62.28,5.55,1.667,1.012,3/4,4
5,0.25,0.0-0.7,1,120,1005,51.94,0.00,3.862,3.653,0/4,4
5,0.25,0.0-0.7,2,120,2494,54.05,2.11,3.666,3.294,3/4,4
5,0.25,0.0-0.7,3,120,3067,54.74,2.80,3.558,2.964,3/4,4
5,0.25,0.0-0.7,4+,120,2959,55.96,4.02,3.401,2.627,3/4,4
